step,ep,score(50),best,loss,eps
2000,53,0.0,0,0.04504617562051862,0.9801999999999857
4000,106,0.0,0,0.02731698451563716,0.9603999999999715
6000,159,0.0,0,0.004519737499649636,0.9405999999999572
8000,212,0.0,0,0.002163496256980579,0.920799999999943
10000,264,0.0,0,0.002058461397100473,0.9009999999999287
12000,317,0.0,0,0.001574585219786968,0.8811999999999145
14000,370,0.0,0,0.00122965116854175,0.8613999999999002
16000,423,0.0,0,0.0015386736574873794,0.841599999999886
18000,476,0.0,0,0.0012164608275634238,0.8217999999998717
20000,528,0.0,0,0.0014917858001717832,0.8019999999998575
22000,580,0.0,0,0.001668859089841135,0.7821999999998432
24000,632,0.0,0,0.0018045158163295127,0.762399999999829
26000,683,0.0,0,0.001879841654736083,0.7425999999998147
28000,734,0.0,0,0.0022101367643335835,0.7227999999998005
30000,786,0.0,0,0.0021812650925130584,0.7029999999997862
32000,837,0.0,0,0.0042603046234580685,0.683199999999772
34000,889,0.0,0,0.0026614347164286302,0.6633999999997577
36000,941,0.0,0,0.0032195587933529168,0.6435999999997435
38000,991,0.0,0,0.00461125947185792,0.6237999999997292
40000,1042,0.0,0,0.00518224646046292,0.603999999999715
42000,1092,0.0,0,0.006149258040240965,0.5841999999997007
44000,1143,0.0,0,0.006438559495145455,0.5643999999996865
46000,1192,0.0,0,0.009076101350365207,0.5445999999996722
48000,1240,0.0,0,0.010884236646816134,0.524799999999658
50000,1289,0.0,0,0.013096692803082987,0.5049999999996437
52000,1339,0.0,0,0.012824019733816385,0.4851999999996295
54000,1387,0.0,0,0.011731763251591474,0.46539999999961523
56000,1436,0.0,0,0.014508119848906063,0.445599999999601
58000,1485,0.0,0,0.017992485027061775,0.42579999999958673
60000,1533,0.0,0,0.01876524109393358,0.4059999999995725
62000,1581,0.0,0,0.03166627294383943,0.38619999999955823
64000,1630,0.0,0,0.0332611458649626,0.366399999999544
66000,1678,0.0,0,0.04967464251909405,0.34659999999952973
68000,1724,0.0,0,0.04424564130953513,0.3267999999995155
70000,1774,0.0,0,0.04117322377744131,0.3069999999995012
72000,1820,0.0,0,0.0332303615345154,0.287199999999487
74000,1867,0.0,0,0.023082033960381523,0.2673999999994727
76000,1912,0.0,0,0.042644445231417194,0.24759999999945848
78000,1956,0.0,0,0.03465035648026969,0.22779999999944422
80000,1995,0.0,0,0.028491329053649678,0.20799999999942997
82000,2031,0.0,0,0.04153318881406449,0.18819999999941572
84000,2067,0.0,0,0.06298830005805939,0.16839999999940147
86000,2095,0.0,0,0.05009655096800998,0.14859999999938722
88000,2120,0.0,0,0.05084378034807742,0.12879999999937297
90000,2143,0.0,0,0.05234217606950551,0.10899999999938116
92000,2162,0.02,1,0.052187528889626265,0.08919999999939467
94000,2180,0.02,1,0.04983108282554895,0.06939999999940817
96000,2197,0.04,1,0.060482789273373784,0.04959999999941263
98000,2211,0.06,1,0.07806456914637237,0.029799999999412255
100000,2223,0.16,2,0.1195232745166868,0.01
102000,2238,0.18,2,0.11845340832602233,0.01
104000,2252,0.18,2,0.11917892866767943,0.01
106000,2266,0.18,2,0.1014302789280191,0.01
108000,2278,0.2,2,0.08672768214717508,0.01
110000,2291,0.24,2,0.092876454629004,0.01
112000,2306,0.18,2,0.09663908168673516,0.01
114000,2314,0.36,4,0.08775653638411313,0.01
116000,2325,0.36,4,0.11086319676134736,0.01
118000,2335,0.5,4,0.1008336256723851,0.01
120000,2343,0.62,4,0.10977179264649749,0.01
122000,2350,0.84,4,0.12013470533769578,0.01
124000,2355,1.1,4,0.11280131794512271,0.01
126000,2363,1.14,5,0.1434751293435693,0.01
128000,2369,1.34,5,0.14441546613350512,0.01
130000,2374,1.38,5,0.157904089204967,0.01
132000,2378,1.66,15,0.19433024825528264,0.01
134000,2385,1.82,15,0.1528017279598862,0.01
136000,2389,2.0,15,0.22890222415328026,0.01
138000,2394,2.18,15,0.20734559405595065,0.01
140000,2399,2.26,15,0.22821788760833442,0.01
142000,2402,2.46,15,0.24543596472591162,0.01
144000,2404,2.5,15,0.24233429547399282,0.01
146000,2405,2.64,15,0.23150777207687498,0.01
148000,2407,3.18,27,0.2415716211684048,0.01
150000,2412,3.14,27,0.2755041854735464,0.01
152000,2417,3.44,27,0.26272680595517156,0.01
154000,2420,3.48,27,0.2460310802794993,0.01
156000,2422,3.9,27,0.25234395936131476,0.01
158000,2430,3.6,27,0.3095123177208006,0.01
160000,2436,3.62,27,0.3128874401189387,0.01
162000,2438,3.72,27,0.3050060428865254,0.01
164000,2441,3.94,27,0.28551585286855696,0.01
166000,2445,3.92,27,0.2506202096864581,0.01
168000,2449,3.9,27,0.25053782315924766,0.01
170000,2456,3.14,27,0.2859292705077678,0.01
172000,2459,3.16,27,0.2859160512126982,0.01
174000,2463,3.14,27,0.2699255242105573,0.01
176000,2465,3.44,27,0.28396382573992013,0.01
178000,2469,3.66,27,0.2560973086208105,0.01
180000,2473,3.16,27,0.30657211374491455,0.01
182000,2477,3.38,27,0.3362309488467872,0.01
184000,2478,3.7,27,0.2957956201955676,0.01
186000,2480,3.98,27,0.2822129106428474,0.01
188000,2481,4.2,27,0.29911628291942177,0.01
190000,2487,4.24,27,0.27935491936281326,0.01
192000,2490,4.14,27,0.28448028236627576,0.01
194000,2493,4.22,27,0.2908492876403034,0.01
196000,2496,4.48,27,0.2862594007980078,0.01
198000,2497,4.66,27,0.22502538418397308,0.01
200000,2500,4.82,27,0.2505885964818299,0.01
202000,2503,5.04,27,0.21672904750332236,0.01
204000,2508,5.04,27,0.21430076853372157,0.01
206000,2513,4.96,27,0.20106943514198064,0.01
208000,2515,4.94,27,0.18461815958842634,0.01
210000,2520,4.68,27,0.20595487203449012,0.01
212000,2522,4.86,27,0.18789983164984733,0.01
214000,2526,4.96,27,0.21947200389578939,0.01
216000,2529,4.5,27,0.18556620934978127,0.01
218000,2535,4.24,27,0.21980457872152329,0.01
220000,2537,4.34,27,0.17974490149877964,0.01
222000,2543,4.2,27,0.22334984499961139,0.01
224000,2551,3.32,27,0.21694433147087694,0.01
226000,2559,2.88,27,0.23217820473946632,0.01
228000,2561,2.96,27,0.2626002052333206,0.01
230000,2565,2.98,27,0.23966805185191334,0.01
232000,2572,2.76,27,0.25574803731404244,0.01
234000,2574,2.54,27,0.2344113987404853,0.01
236000,2580,2.62,27,0.2584972413536161,0.01
238000,2584,2.72,27,0.23372604594565927,0.01
240000,2584,2.72,27,0.22289077846333386,0.01
242000,2586,3.18,27,0.24433610528707506,0.01
244000,2587,3.28,27,0.23394581052474678,0.01
246000,2594,3.34,27,0.24007900848053396,0.01
248000,2595,3.54,27,0.23575082559138535,0.01
250000,2599,3.78,27,0.2143169189058244,0.01
252000,2604,3.94,27,0.22051999318413437,0.01
254000,2611,3.84,27,0.20453906829468907,0.01
256000,2618,3.58,27,0.23268700418062507,0.01
258000,2621,3.84,27,0.23290211990475654,0.01
260000,2625,3.56,27,0.22435903324745596,0.01
262000,2628,3.68,27,0.263669515484944,0.01
264000,2633,3.9,27,0.2185510183032602,0.01
266000,2639,2.82,27,0.1858120789937675,0.01
268000,2643,3.06,27,0.21377931030467154,0.01
270000,2647,2.86,27,0.23378602432552725,0.01
272000,2651,2.8,27,0.22196504450403154,0.01
274000,2652,2.8,27,0.23966756764799357,0.01
276000,2657,3.24,27,0.21729607549495994,0.01
278000,2663,3.18,27,0.2189234212692827,0.01
280000,2671,3.0,27,0.22219964338466525,0.01
282000,2675,3.1,27,0.22020126149989663,0.01
284000,2680,2.82,27,0.2201041192561388,0.01
286000,2684,2.92,27,0.245623530279845,0.01
288000,2688,3.04,27,0.2310151324979961,0.01
290000,2690,3.22,27,0.2395806007646024,0.01
292000,2693,3.36,27,0.2412845377624035,0.01
294000,2695,3.54,27,0.2254102350398898,0.01
296000,2696,3.7,27,0.22597968936897814,0.01
298000,2702,3.7,27,0.19840723000932484,0.01
300000,2708,3.24,27,0.21348575132898986,0.01
302000,2712,3.4,27,0.22851311160251497,0.01
304000,2715,3.66,27,0.23409595742356032,0.01
306000,2718,3.86,27,0.21425273581407964,0.01
308000,2722,3.86,27,0.21416966045275332,0.01
310000,2727,4.02,27,0.24913760401308538,0.01
312000,2731,3.92,27,0.21881110477261245,0.01
314000,2732,4.14,27,0.25634745955467225,0.01
316000,2736,4.4,27,0.24049389079213143,0.01
318000,2739,4.32,27,0.24611891493201254,0.01
320000,2745,3.74,27,0.24898744684644045,0.01
322000,2748,3.52,27,0.2341963607352227,0.01
324000,2750,3.7,27,0.2455848775524646,0.01
326000,2753,4.02,27,0.21347629436291754,0.01
328000,2757,4.14,27,0.18618956220336258,0.01
330000,2761,4.3,27,0.21960426320321857,0.01
332000,2763,4.28,27,0.19837697465904058,0.01
334000,2769,4.04,27,0.2364190629310906,0.01
336000,2772,4.06,27,0.2289235529117286,0.01
338000,2776,4.16,27,0.23424732882529498,0.01
340000,2777,4.14,27,0.21449022519402205,0.01
342000,2778,4.62,32,0.2203898614179343,0.01
344000,2779,4.74,32,0.22338930916041136,0.01
346000,2779,4.74,32,0.21514566981233657,0.01
348000,2782,5.24,35,0.19733045633882285,0.01
350000,2786,5.16,35,0.20135682919062675,0.01
352000,2790,5.12,35,0.17162654002197086,0.01
354000,2795,5.14,35,0.18151599260047077,0.01
356000,2800,4.96,35,0.17765467176213862,0.01
358000,2803,4.78,35,0.19403423178941012,0.01
360000,2806,4.84,35,0.1936383436480537,0.01
362000,2809,4.9,35,0.20437503778375685,0.01
364000,2813,4.74,35,0.16895293981768192,0.01
366000,2813,4.74,35,0.1752564528863877,0.01
368000,2815,5.44,35,0.16012033885810525,0.01
370000,2819,5.56,35,0.1602300033438951,0.01
372000,2823,5.4,35,0.1772010699333623,0.01
374000,2829,4.7,35,0.16906474215444178,0.01
376000,2833,4.0,35,0.1919941387232393,0.01
378000,2836,4.16,35,0.16922849532216788,0.01
380000,2847,3.68,35,0.17316266954876483,0.01
382000,2850,3.6,35,0.1777648344822228,0.01
384000,2854,3.66,35,0.1689380299160257,0.01
386000,2858,3.62,35,0.15833292003255336,0.01
388000,2859,3.62,35,0.14974123070947826,0.01
390000,2864,3.38,35,0.16474226319231092,0.01
392000,2867,3.1,35,0.15800464391242713,0.01
394000,2869,3.3,35,0.14926953135989607,0.01
396000,2875,3.36,35,0.1720717060379684,0.01
398000,2882,3.4,35,0.18722623515874148,0.01
400000,2884,3.34,35,0.1483243340626359,0.01
402000,2889,3.38,35,0.1546743667963892,0.01
404000,2890,3.68,35,0.15160175698343664,0.01
406000,2896,3.86,35,0.1604639342240989,0.01
408000,2898,3.98,35,0.13107050756458194,0.01
410000,2899,4.14,35,0.13987733520101756,0.01
412000,2902,4.24,35,0.14625099254539237,0.01
414000,2906,4.36,35,0.12782136594876647,0.01
416000,2908,4.18,35,0.13739350699819625,0.01
418000,2911,4.32,35,0.12490588300861419,0.01
420000,2917,4.2,35,0.14764615662395955,0.01
422000,2918,4.4,35,0.13920188494957983,0.01
424000,2921,4.34,35,0.13016073962207883,0.01
426000,2925,4.52,35,0.15786798909306526,0.01
428000,2928,4.52,35,0.1373288700124249,0.01
430000,2930,4.9,35,0.1557258806657046,0.01
432000,2933,4.92,35,0.16166049072984606,0.01
434000,2935,5.06,35,0.12852902207989245,0.01
436000,2939,5.16,35,0.14392718964256346,0.01
438000,2942,4.92,35,0.1291403498221189,0.01
440000,2944,5.02,35,0.16610067619476468,0.01
442000,2947,5.5,35,0.13176826376933604,0.01
444000,2949,5.52,35,0.1220347543573007,0.01
446000,2954,4.96,35,0.11840776617173106,0.01
448000,2958,5.1,35,0.1564224697370082,0.01
450000,2961,4.84,35,0.12859480312559754,0.01
452000,2963,5.12,35,0.13044210645370186,0.01
454000,2969,4.58,35,0.1486067735031247,0.01
456000,2973,4.74,35,0.14072831971570848,0.01
458000,2976,4.8,35,0.14282336065545678,0.01
460000,2980,4.4,35,0.1463661079853773,0.01
462000,2983,4.62,35,0.13735723346471787,0.01
464000,2987,4.32,35,0.13201624346431345,0.01
466000,2990,4.38,35,0.1348348801024258,0.01
468000,2995,4.06,35,0.15360563475638628,0.01
470000,2997,4.14,35,0.1278415067633614,0.01
472000,2998,4.38,35,0.1312195868883282,0.01
474000,3000,4.38,35,0.14955768406391143,0.01
476000,3002,4.5,35,0.14547729380428792,0.01
478000,3005,4.8,35,0.1473580057034269,0.01
480000,3012,4.5,35,0.14525432310067118,0.01
482000,3015,4.16,35,0.13038639230653642,0.01
484000,3020,4.42,35,0.1492888614255935,0.01
486000,3021,4.58,35,0.13037020161747934,0.01
488000,3023,4.82,35,0.13610882374458014,0.01
490000,3025,4.84,35,0.13282655664719642,0.01
492000,3027,5.04,35,0.13472375678829848,0.01
494000,3032,4.8,35,0.12021625379566103,0.01
496000,3035,5.02,35,0.12095794385764748,0.01
498000,3037,5.04,35,0.13854105691891164,0.01
500000,3045,4.8,35,0.11927723856642843,0.01
502000,3048,4.42,35,0.13872245307080447,0.01
504000,3053,3.92,35,0.14366846221499144,0.01
506000,3056,4.0,35,0.14257568741682916,0.01
508000,3059,4.26,35,0.1736074518878013,0.01
510000,3061,4.4,35,0.16907623781822623,0.01
512000,3063,4.54,35,0.15132378314621747,0.01
514000,3064,4.8,35,0.1576378947496414,0.01
516000,3065,5.22,35,0.13470878945663572,0.01
518000,3069,5.14,35,0.12928317429963498,0.01
520000,3073,4.88,35,0.14527750400826334,0.01
522000,3075,4.94,35,0.1587042417190969,0.01
524000,3079,4.6,35,0.15213975735940038,0.01
526000,3081,4.88,35,0.14632739290595054,0.01
528000,3083,4.94,35,0.15831633494235575,0.01
530000,3089,4.6,35,0.15628918163944036,0.01
532000,3093,4.78,35,0.1595493861241266,0.01
534000,3095,4.86,35,0.13717396990396083,0.01
536000,3099,5.06,35,0.1394733945443295,0.01
538000,3103,5.12,35,0.13574129599146545,0.01
540000,3106,5.04,35,0.1467474610498175,0.01
542000,3111,4.86,35,0.15900963126216083,0.01
544000,3114,4.52,35,0.15881429909728467,0.01
546000,3119,4.12,35,0.16947932341136038,0.01
548000,3120,4.24,35,0.1667531398870051,0.01
550000,3121,4.3,35,0.15568962140474468,0.01
552000,3122,4.78,35,0.14131683396175504,0.01
554000,3127,4.58,35,0.17139896724373102,0.01
556000,3128,4.74,35,0.1410218101274222,0.01
558000,3132,4.76,35,0.15448671417310833,0.01
560000,3134,4.72,35,0.15057039193809033,0.01
562000,3135,4.82,35,0.1362361075449735,0.01
564000,3138,5.28,35,0.1405683234008029,0.01
566000,3143,5.28,35,0.1207550385617651,0.01
568000,3145,5.3,35,0.11910460336133838,0.01
570000,3146,5.5,35,0.10934100274462252,0.01
572000,3151,5.48,35,0.14269776451867075,0.01
574000,3155,5.4,35,0.12246610510163009,0.01
576000,3160,5.38,35,0.1328669644915499,0.01
578000,3167,4.92,35,0.12497943418100477,0.01
580000,3172,4.14,35,0.145925458278507,0.01
582000,3179,3.74,35,0.12891682063695042,0.01
584000,3187,2.84,35,0.14747086816933005,0.01
586000,3190,2.8,35,0.15155772851780058,0.01
588000,3192,3.06,35,0.1400584870693274,0.01
590000,3193,3.2,35,0.13086770036257803,0.01
592000,3199,2.82,35,0.12557521894341334,0.01
594000,3202,2.68,35,0.15158404254820199,0.01
596000,3204,3.0,35,0.12167000037617981,0.01
598000,3204,3.0,35,0.12807302297092973,0.01
600000,3206,3.64,35,0.129758057044819,0.01
602000,3208,3.76,35,0.12762526964535936,0.01
604000,3210,3.94,35,0.12103704681852832,0.01
606000,3212,4.16,35,0.1291575766960159,0.01
608000,3214,4.6,35,0.11278630698565394,0.01
610000,3219,4.76,35,0.1336669951863587,0.01
612000,3222,4.94,35,0.14293692503590136,0.01
614000,3223,4.96,35,0.12504682417493312,0.01
616000,3225,5.32,35,0.15277776293456555,0.01
618000,3226,5.4,35,0.1411796997115016,0.01
620000,3227,5.76,35,0.13588982740417122,0.01
622000,3229,6.24,35,0.13516467245295644,0.01
624000,3232,6.4,35,0.13416893028188498,0.01
626000,3235,6.7,35,0.12749920080415905,0.01
628000,3240,6.76,35,0.13284089135471733,0.01
630000,3241,6.9,35,0.12652137024560944,0.01
632000,3246,6.3,35,0.11953074117889628,0.01
634000,3248,6.48,35,0.11594067292753607,0.01
636000,3254,6.4,35,0.12122680097818375,0.01
638000,3256,6.02,35,0.14204969326150604,0.01
640000,3259,5.7,35,0.12655158889247103,0.01
642000,3261,5.58,35,0.15403296613600104,0.01
644000,3263,5.78,35,0.12003116099629552,0.01
646000,3266,5.52,35,0.1322511788783595,0.01
648000,3268,5.86,35,0.11060473133344204,0.01
650000,3271,6.1,35,0.1198389285011217,0.01
652000,3276,5.52,35,0.13795819376129656,0.01
654000,3279,4.86,35,0.1210681588947773,0.01
656000,3283,4.72,35,0.11740479086525739,0.01
658000,3287,4.68,35,0.10967370441998354,0.01
660000,3291,4.44,35,0.10929588065948337,0.01
662000,3292,4.5,35,0.09690028352546505,0.01
664000,3296,4.9,35,0.10674131092615426,0.01
666000,3302,4.54,35,0.1101493499148637,0.01
668000,3304,4.8,35,0.11380164558067918,0.01
670000,3307,4.7,35,0.10043971146922559,0.01
672000,3310,4.62,35,0.11575161406770348,0.01
674000,3310,4.62,35,0.11323723608162255,0.01
676000,3317,4.26,35,0.12130990382749587,0.01
678000,3319,4.38,35,0.11661573974648491,0.01
680000,3323,4.38,35,0.12571959290653467,0.01
682000,3326,4.46,35,0.11303318016347476,0.01
684000,3331,4.4,35,0.11077844234649092,0.01
686000,3339,4.06,35,0.1246207512076944,0.01
688000,3344,3.58,35,0.11491119548445568,0.01
690000,3349,3.48,35,0.10851173837203533,0.01
692000,3351,3.7,35,0.09747944917762652,0.01
694000,3355,3.52,35,0.08624919692170806,0.01
696000,3356,3.58,35,0.09695067188236862,0.01
698000,3360,4.0,35,0.09042163301724941,0.01
700000,3363,3.74,35,0.09974320302018896,0.01
702000,3366,3.92,35,0.11341457754606381,0.01
704000,3372,3.48,35,0.10463312558131292,0.01
706000,3376,3.46,35,0.11663215826964006,0.01
708000,3381,3.46,35,0.10930459953611717,0.01
710000,3384,3.62,35,0.13116934598889202,0.01
712000,3390,3.7,35,0.11597815656103194,0.01
714000,3392,3.92,35,0.121064061189536,0.01
716000,3393,4.3,35,0.1204787842859514,0.01
718000,3395,4.4,35,0.12428470109356567,0.01
720000,3400,4.46,35,0.12094161158427597,0.01
722000,3402,4.42,35,0.12414560331497342,0.01
724000,3402,4.42,35,0.11180594871286303,0.01
726000,3404,5.06,35,0.10464539487380535,0.01
728000,3407,4.54,35,0.1440583069482818,0.01
730000,3409,4.7,35,0.12630538196768612,0.01
732000,3411,5.08,35,0.12861934933578595,0.01
734000,3412,5.28,35,0.12148575169965625,0.01
736000,3414,5.56,35,0.10582439357880503,0.01
738000,3416,5.44,35,0.097144022481516,0.01
740000,3418,5.68,35,0.10611539967358112,0.01
742000,3419,6.14,35,0.10945079113356769,0.01
744000,3423,6.18,35,0.11675415543839335,0.01
746000,3429,6.04,35,0.10525033200858161,0.01
748000,3435,5.88,35,0.10852577797602862,0.01
750000,3437,6.08,35,0.1033699156017974,0.01
752000,3442,5.86,35,0.1268346304167062,0.01
754000,3445,5.46,35,0.11737911175005138,0.01
756000,3448,5.44,35,0.104344175637234,0.01
758000,3451,5.58,35,0.1199664853559807,0.01
760000,3454,5.12,35,0.10811417296295986,0.01
762000,3458,4.92,35,0.11095706099644304,0.01
764000,3462,4.54,35,0.10452626993414015,0.01
766000,3471,3.04,35,0.13169823325239122,0.01
768000,3475,3.16,35,0.09603977559134363,0.01
770000,3480,3.18,35,0.09854633080773055,0.01
772000,3489,2.76,35,0.10282338888850064,0.01
774000,3496,2.58,35,0.12803388385102152,0.01
776000,3497,2.64,35,0.09508191477507352,0.01
778000,3500,2.8,35,0.10299929792876356,0.01
780000,3504,2.54,35,0.09314520301297308,0.01
782000,3510,2.52,35,0.08954277525655925,0.01
784000,3517,2.48,35,0.10880821139086037,0.01
786000,3520,2.66,35,0.08872389995958656,0.01
788000,3523,2.86,35,0.10778688635444268,0.01
790000,3528,2.8,35,0.10867865303531289,0.01
792000,3532,2.92,35,0.09514570988947525,0.01
794000,3536,3.2,35,0.10909800278488546,0.01
796000,3541,3.32,35,0.1149221947917249,0.01
798000,3545,3.32,35,0.09662741591222584,0.01
800000,3548,3.3,35,0.09069513263646513,0.01
802000,3553,3.14,35,0.0930363514367491,0.01
804000,3560,3.04,35,0.08441139806527645,0.01
806000,3563,2.96,35,0.0875666699744761,0.01
808000,3564,3.32,35,0.08415729313855991,0.01
810000,3570,3.38,35,0.07306835435330868,0.01
812000,3573,3.16,35,0.07420769078889862,0.01
814000,3576,3.36,35,0.07501681895926594,0.01
816000,3580,3.56,35,0.0834982917906018,0.01
818000,3583,3.56,35,0.07570600581588223,0.01
820000,3585,3.64,35,0.0846118963137269,0.01
822000,3588,3.98,35,0.07301141456700862,0.01
824000,3592,3.86,35,0.08222108374815434,0.01
826000,3597,3.74,35,0.06627646009903401,0.01
828000,3602,3.92,35,0.06999858498573303,0.01
830000,3608,3.92,35,0.09338235539384186,0.01
832000,3608,3.92,35,0.08280858244746923,0.01
834000,3613,4.28,35,0.07293302231002599,0.01
836000,3616,4.06,35,0.07409471371676773,0.01
838000,3620,4.14,35,0.08110728277941234,0.01
840000,3625,4.06,35,0.08777188598643988,0.01
842000,3629,3.82,35,0.07999384880880825,0.01
844000,3635,3.54,35,0.08721399439731613,0.01
846000,3637,3.26,35,0.09635176739189774,0.01
848000,3641,3.58,35,0.08196846344566439,0.01
850000,3644,3.54,35,0.08145361519418656,0.01
852000,3648,3.5,35,0.09082912198733538,0.01
854000,3648,3.5,35,0.08278592736052814,0.01
856000,3650,4.24,36,0.07944690744858235,0.01
858000,3653,4.42,36,0.06959149030735716,0.01
860000,3655,4.64,36,0.0771800351771526,0.01
862000,3655,4.64,36,0.06795605593943037,0.01
864000,3658,5.16,36,0.072092339086812,0.01
866000,3660,4.86,36,0.068729156057816,0.01
868000,3661,5.32,36,0.0629339213646017,0.01
870000,3663,5.4,36,0.06682164798723533,0.01
872000,3664,5.74,36,0.06927367409924046,0.01
874000,3669,5.48,36,0.06939357173163443,0.01
876000,3672,5.76,36,0.0691055733221583,0.01
878000,3673,5.84,36,0.06745054905069992,0.01
880000,3675,6.18,36,0.061944957261439414,0.01
882000,3677,6.5,36,0.05993913637474179,0.01
884000,3682,6.44,36,0.07398003683891147,0.01
886000,3687,6.5,36,0.05697838578140363,0.01
888000,3691,6.24,36,0.06652192886220291,0.01
890000,3697,6.1,36,0.07066499205771834,0.01
892000,3702,5.16,36,0.05708950925967656,0.01
894000,3705,5.26,36,0.06161627786932513,0.01
896000,3706,4.84,36,0.06823935670254286,0.01
898000,3708,5.14,36,0.0608841370139271,0.01
900000,3711,4.74,36,0.05184988188790157,0.01
902000,3712,4.96,36,0.06097208195715211,0.01
904000,3714,4.96,36,0.053703365967376154,0.01
906000,3716,5.0,36,0.06633503496996127,0.01
908000,3721,4.98,36,0.05742874448536895,0.01
910000,3722,4.94,36,0.0584580714837648,0.01
912000,3724,4.94,36,0.055338095917832106,0.01
914000,3725,5.3,36,0.05340046044206247,0.01
916000,3727,5.26,36,0.08032222574576736,0.01
918000,3729,5.42,36,0.05751221761922352,0.01
920000,3734,5.42,36,0.07618019443470984,0.01
922000,3743,5.1,36,0.07153818358667195,0.01
924000,3750,5.1,36,0.06852739055058919,0.01
926000,3763,3.5,36,0.0695296869170852,0.01
928000,3772,2.72,36,0.07914135995320976,0.01
930000,3781,1.2,36,0.07115388327161781,0.01
932000,3785,1.16,36,0.08061264069052414,0.01
934000,3796,1.1,36,0.08210723591968418,0.01
936000,3805,1.16,36,0.09050409908173605,0.01
938000,3811,1.32,36,0.09680213962914422,0.01
940000,3819,1.46,36,0.0873628603015095,0.01
942000,3826,1.46,36,0.0817729452077765,0.01
944000,3832,1.54,36,0.08744927346939221,0.01
946000,3840,1.36,36,0.0874359719734639,0.01
948000,3846,1.6,36,0.07455807400867343,0.01
950000,3850,1.76,36,0.07162947710487061,0.01
952000,3852,1.9,36,0.06981289296876639,0.01
954000,3854,2.22,36,0.0767078271554783,0.01
956000,3855,2.56,36,0.07569273770553991,0.01
958000,3859,2.72,36,0.072869732278632,0.01
960000,3864,2.84,36,0.0772327251220122,0.01
962000,3865,3.1,36,0.0732796551962383,0.01
964000,3868,3.42,36,0.06760016582207755,0.01
966000,3870,3.6,36,0.06778028158354572,0.01
968000,3874,3.9,36,0.05980151244788431,0.01
970000,3876,4.02,36,0.06854260759893804,0.01
972000,3879,4.22,36,0.06590055409586057,0.01
974000,3881,4.48,36,0.0874891941450187,0.01
976000,3884,4.62,36,0.06755299596698024,0.01
978000,3886,4.9,36,0.0718976417556405,0.01
980000,3893,4.94,36,0.07865400304086506,0.01
982000,3895,5.14,36,0.06836119438172318,0.01
984000,3896,5.42,36,0.06535069185076281,0.01
986000,3899,5.74,36,0.10276003526174464,0.01
988000,3905,5.04,36,0.07565862251678482,0.01
990000,3909,4.84,36,0.07199658576631919,0.01
992000,3913,5.02,36,0.0699054158758372,0.01
994000,3914,5.0,36,0.07742273445939646,0.01
996000,3916,5.06,36,0.07315299084875733,0.01
998000,3916,5.06,36,0.08457449664943852,0.01
1000000,3917,5.56,36,0.0687037395266816,0.01
